name,rating,reviewSnippet,url,website,Website_presence,Review_Sentiment,Review_Subjectivity
LemonBuyBack.com-Law Offices of Jon Jacobs,5.0,"Bought a motor home in Fresno, CA on 7/21/18. From the very first day that we picked it up, it was nothing but problems. It was even crashed while being on the dealership'sâ€¦",https://www.yellowpages.com/nationwide/mip/lemonbuyback-com-law-offices-of-jon-jacobs-470783520?lid=1001872303330,http://lemonbuyback.com,1,0.325,0.43333333333333335
Hansen & Miller Law Firm,5.0,"great firm.  great people.""",https://www.yellowpages.com/santa-rosa-ca/mip/hansen-miller-law-firm-1459233?lid=1001994731280,https://www.hansenmiller.com,1,0.46666666666666673,0.6333333333333333
"Melissa A Proudian, Attorney At Law",5.0,Melissa proudian will fight for if she feels like you need ssi she dose not give up she is very very good she got me what I been fighting for and I was fighting for years andâ€¦,https://www.yellowpages.com/fresno-ca/mip/melissa-a-proudian-attorney-at-law-15289383?lid=1002122491089,http://www.proudianlaw.com,1,0.9099999999999999,0.7800000000000001
Bobadilla Jessica Smith Law Office Of,5.0,"I WOULD LIKE TO KNOW HOW MANY CASE YOU HAVE WON IN THE LAST 5 YEARS.""",https://www.yellowpages.com/fresno-ca/mip/bobadilla-jessica-smith-law-office-of-21954321?lid=1002073737158,https://www.attorneyjessica.com,1,0.25,0.2833333333333333
Law Offices of Roberto Marquez,5.0,"All of the above to talk about what to do with the people if a person leaves and you. Look for that persom its not your fault its theirs""",https://www.yellowpages.com/marysville-ca/mip/law-offices-of-roberto-marquez-22912519?lid=171673260,http://www.robertomarquez.com/,1,0.0,0.1
Law Offices Of Mauro Fiore Jr.,2.5,"Great service! I totally recommend Mr. Fiore. I was not expecting my settlement to be so much, I'm truly happy! The paralegals were very courteous and always made sure myâ€¦",https://www.yellowpages.com/west-covina-ca/mip/law-offices-of-mauro-fiore-jr-2900442?lid=1002004597262,http://www.covinaattorneyatlaw.com,1,0.5800000000000001,0.7648148148148147
Baziak & Steevens,5.0,Baziak and Chaundra Rohny - These two people had saved my life when I was injured.  They had helped me with a difficult situation.  If I ever have another injury at work I willâ€¦,https://www.yellowpages.com/santa-ana-ca/mip/baziak-steevens-2944954?lid=1000540194750,http://www.baziakandsteevens.com,1,-0.5,1.0
Lawyer Referral Service of the Bar Association of N San Diego County,3.5,"The LRS counselors are very helpful and professional!""",https://www.yellowpages.com/vista-ca/mip/lawyer-referral-service-of-the-bar-association-of-n-san-diego-county-3057810?lid=1001501594051,http://www.lawreferral.org,1,0.1625,0.2
"Donald R. Holben & Associates, APC",5.0,"I want to shout the praises of the Holben Law Firm, especially the guidance of Eugene Long.  I filed a wrongful termination suit, and Gene worked with me throughout the wholeâ€¦",https://www.yellowpages.com/san-diego-ca/mip/donald-r-holben-associates-apc-3249482?lid=1002004389642,http://www.sandiegotrialattorneys.com,1,-0.08333333333333333,0.6
Beatrice Snider Law Offices,5.0,"Beatrice Snider's experienced and professional firm did an excellent job of handling my family law case. They explained the legal strategies and processes, and were veryâ€¦",https://www.yellowpages.com/san-diego-ca/mip/beatrice-snider-law-offices-3899691?lid=1002004615206,http://www.blsapc.com,1,0.38,0.52
Zimmerman Inc. Michael E Law Offices of,1.0,"Do not use check with other attorneys in the area about this one. He has caused our family trust a lot of problems. A lot of attorneys in the area have to clean up his messes,â€¦",https://www.yellowpages.com/arroyo-grande-ca/mip/zimmerman-inc-michael-e-law-offices-of-4559953?lid=1000970055421,http://www.michaelezimmerman.com,1,0.12083333333333335,0.5375000000000001
Hallen  C Bradley Attorney At Law,5.0,"Do you need a personal injury attorney?  ... make sure they are specialized in your area of need..and, of course, you'd  want EXPERIENCE (like 45 years...-and a plus- workingâ€¦",https://www.yellowpages.com/cardiff-by-the-sea-ca/mip/hallen-c-bradley-attorney-at-law-456884281?lid=1002166364595,http://www.hallenlawfirm.com,1,0.25,0.5944444444444444
Topalian & Associates,5.0,"Good Service they make my life so easy.""",https://www.yellowpages.com/whittier-ca/mip/topalian-associates-461697025?lid=1002166464675,http://www.topalianlaw.com,1,0.5666666666666667,0.7166666666666668
Ranft Mark L,5.0,"TWO PREVIOUS CONTACTS: BOTH VICTORIOUS COSTS AFFORDABLETRUE TRIAL LAWYERCOMMUNICATION SKILLS ARE GREAT; HE TRANSLATES LEGALESE""",https://www.yellowpages.com/ukiah-ca/mip/ranft-mark-l-461722534?lid=1001329772736,http://ranftlaw.com,1,0.3166666666666667,0.4583333333333333
Law Office Of Steven A Seiden,5.0,"Mr. Seiden, Chris Williams and Beatrice, I am beyond thankful to you for working on my case. Although many popular attorneys refused to work on  my case (since it was hard forâ€¦",https://www.yellowpages.com/hawthorne-ca/mip/law-office-of-steven-a-seiden-464568313?lid=1000088468869,http://www.sascriminaldefense.com,1,0.26944444444444443,0.6472222222222221
Kohn Law Office,5.0,I really appreciated everything Mr. Kohn did for me. He kept me well informed and at ease which is very appreciated when your in pain and the settlement was more than Iâ€¦,https://www.yellowpages.com/oceanside-ca/mip/kohn-law-office-465522223?lid=1002166331159,http://www.kohnlawoffice.com,1,0.32,0.24333333333333332
Charles  Holzhauer Law Office,5.0,"Mr. Holzhauer won our case for us when his office was in Ukiah and he was very professional, and communicative. I definitely recommend him for real estate matters!""",https://www.yellowpages.com/nationwide/mip/charles-holzhauer-law-office-475600696?lid=1001366771470,http://www.realestateattorneychico.net,1,0.12666666666666668,0.31
Fischer & Van Thiel LLP Law Offices Of,5.0,"What a great group of professionals!! Mr. Fischer was really helpful and made my divorce easy and painless. Thank you all so much during my times of hardship!!""",https://www.yellowpages.com/oceanside-ca/mip/fischer-van-thiel-llp-law-offices-of-478384166?lid=1001558830193,http://www.divorcelawyersoceanside.com,1,0.4864583333333333,0.4958333333333333
"Sevens Legal, APC",5.0,"High standards and good client services.  Coach Scott""",https://www.yellowpages.com/san-diego-ca/mip/sevens-legal-apc-483859233?lid=1001868971113,,0,0.43,0.5700000000000001
Law Offices Of Vikas Bajaj,4.0,"Very good attorney, he was very professional and knowledgeable. He spent time explaining the pros and cons to me.""",https://www.yellowpages.com/san-diego-ca/mip/law-offices-of-vikas-bajaj-520223797?lid=1001947425785,https://www.bajajdefense.com/,1,0.31333333333333335,0.3366666666666667
Thelander Law,5.0,Mr Thealander is the most caring Criminal Law Lawyer.  He is sincerely interested in helping his clients and not in your wallet.  I highly recommend him. He has represented myâ€¦,https://www.yellowpages.com/salinas-ca/mip/thelander-law-520687427?lid=1001185611149,https://salinascalawyer.com,1,0.1275,0.5225
Law Office Of Miguel Hernandez,5.0,"Miguel is easily in the top 5 group of attorneys on the Central Coast. Miguel is very calm and easy to get along with, but utterly unmoving when it comes to an issue he needsâ€¦",https://www.yellowpages.com/salinas-ca/mip/law-office-of-miguel-hernandez-525480423?lid=1002045789806,https://www.miguelhernandezlaw.com,1,0.2927777777777778,0.7319444444444446
Fischer & Van Thiel LLP,5.0,My first impression during my consolation sold me. The attorneys were very upfront and exceptionally skilled. They helped me with a spousal support issue with a difficult pastâ€¦,https://www.yellowpages.com/oceanside-ca/mip/fischer-van-thiel-llp-532345844?lid=1001633034970,https://www.divorcelawyersoceanside.com,1,0.11249999999999999,0.5333333333333333
J David Tax Law LLC,5.0,"This is really goodâ€¦â€¦â€¦â€¦.ðŸ¤©""",https://www.yellowpages.com/jacksonville-fl/mip/j-david-tax-law-llc-540773434?lid=1002069740015,http://www.jdavidtaxlaw.com/free-consultation/yp/,1,0.2,0.2
Niven & Niven Attorneys At Law,5.0,"Very Knowledgeable and Helpful. If you are in need of legal help, I definitely recommend Niven and Niven. They offer a free initial consultation too.""",https://www.yellowpages.com/tustin-ca/mip/niven-niven-attorneys-at-law-544622657?lid=1001871982641,http://www.nivenandniven.net,1,0.16,0.36
"Timmons, Owen, Jansen & Tichy, Inc.",5.0,"If you ever find yourself in need of a work comp attorney who is easy to talk to, knows the law inside and out, and is an expert on the in's and out's of qualified medicalâ€¦",https://www.yellowpages.com/sacramento-ca/mip/timmons-owen-jansen-tichy-inc-6417281?lid=1002152922613,http://www.saclaw.net,1,0.43333333333333335,0.8333333333333334
Barbara B Savaglio Law Offices,5.0,My name is Phylicia Maria Patterson i have my child Zyerei Patterson on Alabama i was seeing wat i need to do im in San Diego California they telling m i need a lawyer just toâ€¦,https://www.yellowpages.com/san-diego-ca/mip/barbara-b-savaglio-law-offices-9480146?lid=1002167322853,http://www.savagliolaw.com/,1,0.0,0.0
Law Office of Wayne Silva,5.0,"Very helpful and easy to work with. Thank you Silva Law""",https://www.yellowpages.com/ridgecrest-ca/mip/law-office-of-wayne-silva-13171359?lid=1002166444109,http://waynesilvalaw.com,1,0.31666666666666665,0.5666666666666667
Derryberry & Associates,4.0,This business is extremely professional and personable.  I went into see mr. Derryberry for a simple trust and will.  He was very informative and honest.  I must have called 10â€¦,https://www.yellowpages.com/palmdale-ca/mip/derryberry-associates-14997175?lid=1000911682640,https://www.derryberrylawyers.com,1,0.225,0.41428571428571426
Darling And Wilson pc,5.0,"I highly recommend Joah Wilson if you need a trust or will. He is very personable, knowledgable, and professional.  I have referred many clients to him. They all are happy withâ€¦",https://www.yellowpages.com/bakersfield-ca/mip/darling-and-wilson-pc-15116275?lid=171683378,http://www.dwlawfirm.com,1,0.352,0.488
Goldberg Jones - Divorce For Men,4.5,My experience @ Goldberg-Jones is nothing but exceptional. Attorney Andy Mitchel took my case as if it was his own. His photographic memory coupled with his mastery of familyâ€¦,https://www.yellowpages.com/san-diego-ca/mip/goldberg-jones-divorce-for-men-1540871?lid=1002173420298,https://www.goldbergjones-sandiego.com,1,0.6333333333333333,1.0
Zatman Murray & Associates,5.0,".""",https://www.yellowpages.com/santa-rosa-ca/mip/zatman-murray-associates-15451931?lid=205920524,,0,0.0,0.0
A-7 Day A Week Notary Service,5.0,"#1 Notary in Humboldt! Excellent service even though I had to get a document notarized 3 times he still only charged me for one! Thanks Gilbert!! 5 Stars!""",https://www.yellowpages.com/arcata-ca/mip/a-7-day-a-week-notary-service-16210628?lid=1000229909490,,0,0.4635416666666667,0.7333333333333334
Stearns Christopher Attorney and Counselor at Law,5.0,"Excellent Attorney. I highly recommend Mr. Stearns. He's very attentive to your needs as an Attorney""",https://www.yellowpages.com/san-diego-ca/mip/stearns-christopher-attorney-and-counselor-at-law-1944027?lid=1000433332390,,0,0.5599999999999999,0.8466666666666667
Law Offices of David Faulkner,5.0,"David Faulkner and his staff are very courteous, honest and professional. He took care of everything for me without the stress that is involved with court proceedings, etc. Heâ€¦",https://www.yellowpages.com/bakersfield-ca/mip/law-offices-of-david-faulkner-21960168?lid=1001685814099,http://www.bakersfielddefenseattorney.com,1,0.49333333333333335,0.6666666666666666
Dunford Law Group,5.0,"Gemelo  S.I was a client of  Misha Dunford who handled my case with utmost professionalism, leadership and energy. She was always available to listen to all of my concerns andâ€¦",https://www.yellowpages.com/antioch-ca/mip/dunford-law-group-23263134?lid=1002173406800,http://www.dunfordlaw.com/,1,0.4,0.4
Zumbrunn Law Corp,5.0,"Honesty and integrity, those are two words that will always be associated with Greg Zumbrunn. When I decided to retain Greg to assist me through my divorce it was one of theâ€¦",https://www.yellowpages.com/victorville-ca/mip/zumbrunn-law-corp-2764888?lid=1002116240827,http://zumbrunnlaw.com,1,0.0,0.0
Jensen  Leslie F,5.0,Leslie Jensen is superb. She guided and supported me every step of the way. She really cared about my case and is still there for me to answer any questions even though my caseâ€¦,https://www.yellowpages.com/modesto-ca/mip/jensen-leslie-f-2857399?lid=1002104396584,https://lfjensenlaw.us,1,0.6,0.6
Baskin Robert M Law Offices Of,3.0,"My step father who is deceased ,was a court judge. I know Mr baskin and his office worked til the very end and pursued every avenue.  It was an emotional and very importantâ€¦",https://www.yellowpages.com/ventura-ca/mip/baskin-robert-m-law-offices-of-4120878?lid=1002173406690,http://www.robertmbaskin.com/,1,0.13333333333333333,0.4166666666666667
Attorney's Certified Services,5.0,"I have used Attorney Certified Services (ACS) for a number of legal-related requests over the years.  Having had poor experiences with other services, I was pleased the firstâ€¦",https://www.yellowpages.com/bakersfield-ca/mip/attorneys-certified-services-453763258?lid=1002004416826,http://www.attorneyscertified.com,1,-0.00833333333333334,0.6583333333333333
"John P. Rosenberg, A Professional Law Corporation",5.0,In working with John Rosenberg for the last four years I have found him to be knowledgable and extremely professional. Mr Rosenberg and his staff work hard for thier clientsâ€¦,https://www.yellowpages.com/woodland-hills-ca/mip/john-p-rosenberg-a-professional-law-corporation-455419049?lid=1001641663082,http://www.jrosenberg.com,1,-0.0638888888888889,0.23611111111111108
Perez Williams Medina & Rodriguez LLP,5.0,I was rear-ended by a young man and his insurance company accepted 100% of the liability. I talked to 3 other different attorneys and they said I can do it myself and if Iâ€¦,https://www.yellowpages.com/fresno-ca/mip/perez-williams-medina-rodriguez-llp-458833144?lid=1001766851038,http://www.pwmrlaw.com,1,-0.008333333333333331,0.4583333333333333
Scott Shaffman Attorney At Law,5.0,"He provided me with a very experienced, sincere consultation. I would definitely recommend if you are looking for a very friendly/sincere attorney""",https://www.yellowpages.com/monterey-ca/mip/scott-shaffman-attorney-at-law-459507776?lid=1002042934033,https://www.erisaattorneyshaffman.com,1,0.425,0.575
Isaac Terri L Attorney At Law,5.0,"She is absolutely an amazing family lawyer could not ask for anyone better, sorry to see her leave the family law side since she helped us so much and was so supportive, but Iâ€¦",https://www.yellowpages.com/modesto-ca/mip/isaac-terri-l-attorney-at-law-465962491?lid=1002166398864,,0,0.26,0.72
Law Offices of Smith & Garfunkel,5.0,"Jeff Garfunkel has to be one of, if not the best, Worker's Compensation attorney around.  Not only that, but if you call and he's not in, he will get back to you later that dayâ€¦",https://www.yellowpages.com/ontario-ca/mip/law-offices-of-smith-garfunkel-466876416?lid=1002004437665,http://www.smithgarfunkel.com,1,0.25,0.325
Law Offices of Jonathan Steele,5.0,"Jonathan & his staff are great w/ legal matters and easy to work with.  For criminal law matters - you'll find no one better to discuss your case with!""",https://www.yellowpages.com/santa-rosa-ca/mip/law-offices-of-jonathan-steele-468494189?lid=1000997506674,http://www.steeledefenselaw.com,1,0.33166666666666667,0.5666666666666667
A Traffic Ticket Defense Attorneys California & Nationwide,5.0,"Very satisfied with our Attorney Michael Lyons, will definitely keep you guys in mind for all our needs thank you!""",https://www.yellowpages.com/nationwide/mip/a-traffic-ticket-defense-attorneys-california-nationwide-472485445?lid=1002166319737,http://www.trafixxlaw.com,1,0.325,0.75
Eskridge Law,5.0,"Do not hesitate to contact Eskridge Law.  They are the best!""",https://www.yellowpages.com/torrance-ca/mip/eskridge-law-472604848?lid=1000439496091,http://www.eskridgelaw.net,1,1.0,0.3
DUXBURY Marc,4.0,With today's economy I wasn't the only person to get into financial trouble.  I went to see Marc Duxbury after seeing one of his ads.  I went in and had a consultation.  Iâ€¦,https://www.yellowpages.com/carlsbad-ca/mip/duxbury-marc-474269179?lid=1002116240021,https://www.countylawcenter.com,1,-0.06666666666666667,0.39999999999999997
Law Office of David P Shapiro,5.0,"Not too long ago I was pulled over for a DUI. It was a stupid move, I know, but at the time I didn't think that I was too intoxicated to drive. I'd only had a few drinks butâ€¦",https://www.yellowpages.com/san-diego-ca/mip/law-office-of-david-p-shapiro-480879057?lid=1002104081538,http://www.davidpshapirolaw.com,1,-0.2625,0.625
Turner  Pat Alan A Professional Corporation Attorney CPA,5.0,Pat and his staff are super helpful and easy to talk to.The atmosphere in the office is very cozy and relaxing. I'm a small business owner and Pat gave me great advise thatâ€¦,https://www.yellowpages.com/el-dorado-hills-ca/mip/turner-pat-alan-a-professional-corporation-attorney-cpa-495852933?lid=1002169539544,http://pattaxlaw.com/index.html,1,0.21133333333333332,0.725
Geoffrey H. Hopper & Associates,5.0,"I was referred to Mr. Hopper when I had a situation with being terminated from my job of almost 9 years.  Mr. Hopper was professional, spent time with me, gave me severalâ€¦",https://www.yellowpages.com/redlands-ca/mip/geoffrey-h-hopper-associates-5033817?lid=346569488,http://www.hopperlaw.com,1,0.0,0.1
Advocate Law Firm Professional Law Corporation,5.0,"Always kept up with me and if I had any questions they where always kind and helpful,ill be giving them a call if I ever need them(:""",https://www.yellowpages.com/nationwide/mip/advocate-law-firm-professional-law-corporation-507252318?lid=1002166452145,https://www.advocatelawfirm.org?npcmp=dir:local:4885229:92614,1,0.6,0.9
"Law Offices Of Sonya A. Bouma, PLC",5.0,I sought the services of Sonya A Bouma to help me with alimony issues. It had been over 4 years since my divorce when I experienced a decrease in my income. I tried to do itâ€¦,https://www.yellowpages.com/modesto-ca/mip/law-offices-of-sonya-a-bouma-plc-507748547?lid=1002166405725,http://www.modestofamilylaw.org,1,0.8,0.9
The Bogan Law Firm,5.0,The Bogan Law Firm is nothing short of professional.  Easy to talk to and immediate feedback.  These guys have your back.  Associate Attorney Zach Drivon handles himself as ifâ€¦,https://www.yellowpages.com/modesto-ca/mip/the-bogan-law-firm-529328438?lid=1002173406895,http://www.209legal.com/,1,0.06666666666666668,0.32666666666666666
Law Office Of Greg P. Goehring,5.0,"We had Greg update our family trust that was over 10 years old.  Greg was great to work with.  He listened to what our goals were, gave us updates about changes in the lawâ€¦",https://www.yellowpages.com/lodi-ca/mip/law-office-of-greg-p-goehring-7009018?lid=175329714,https://www.personalinjurylodi.com,1,0.45,0.475
Law Offices of Christie Cronenweth,5.0,"I have met MANY attorney's in my life, having worked for the Public Defender's Office, the VA District Counsel and a private attorney. There is no doubt that she is the bestâ€¦",https://www.yellowpages.com/torrance-ca/mip/law-offices-of-christie-cronenweth-893155?lid=1001616301239,http://www.cronenwethlaw.com,1,0.16666666666666666,0.3138888888888889
Faucette Gary C Attorney At Law,5.0,"THANK YOU!!  THIS IS ATTORNEY TOOK GREAT CARE OF ME.""",https://www.yellowpages.com/san-luis-obispo-ca/mip/faucette-gary-c-attorney-at-law-9695572?lid=1001556079599,https://www.garycfaucetteattorneyatlaw.com,1,0.8,0.75
The Accident Attorneys' Group Inc.,4.5,"If you are involved in an accident , don't even think about dealing with the insurance companies yourself. Â They take advantage of you and force you to go out and retain aâ€¦",https://www.yellowpages.com/nationwide/mip/the-accident-attorneys-group-inc-9939958?lid=1002118782419,http://aa-accidentattorneys.com,1,0.0,0.0
Law Offices of David Y Chun,5.0,"Thank you for representation that was above and beyond what I expected to receive. You were clever, extremely professional, comforting, and always kept me informed during theâ€¦",https://www.yellowpages.com/santa-clara-ca/mip/law-offices-of-david-y-chun-12136839?lid=1002164622223,http://www.chunlaw.com,1,0.041666666666666664,0.3583333333333334
Paul Gary Attorney At Law,5.0,"Gary Solved a complex problem that other attorney's said was impossible. I trust and would recommend Gary to anyone including friends and family.""",https://www.yellowpages.com/capitola-ca/mip/paul-gary-attorney-at-law-461700115?lid=1001722493637,http://www.garypaullaw.com,1,-0.3638888888888889,0.5916666666666667
Gardner Lauren Attorney At Law,5.0,"My husband and I finally went to a lawyer to get our Living Trust in place. I was very nervous, at first. I don't have much experience with lawyers. Ms. Gardner put us at easeâ€¦",https://www.yellowpages.com/rohnert-park-ca/mip/gardner-lauren-attorney-at-law-1427955?lid=1000088574377,http://www.laurengardnerattorney.com,1,0.1625,0.4583333333333333
Chilton & House Inc,5.0,"Robert is the best there so nice and they know a lot!!""",https://www.yellowpages.com/salinas-ca/mip/chilton-house-inc-478568137?lid=1002162654977,http://www.chiltonhousellp.com,1,0.96875,0.65
Law Offices Of Jeff Mann,5.0,Mr. Mann was an amazing help to me. I couldn't ask for more excellent work. I was involved in a terrible car accident in downtown and he helped me with my rehabilitation andâ€¦,https://www.yellowpages.com/los-angeles-ca/mip/law-offices-of-jeff-mann-540709623?lid=1001783805486,https://www.jeffmannlaw.com,1,0.275,0.85
Attorneys Collectors & Investigators,5.0,"So amzing and lovely experience with you""",https://www.yellowpages.com/nationwide/mip/attorneys-collectors-investigators-482249945?lid=1001314814087,http://www.dlrfirm.com/who-we-are/,1,0.5,0.75
Debt Collection Firm,4.5,"You guys are great we will definitely be using your services again!  We really appreciate your hard work with our account!â€‹""",https://www.yellowpages.com/nationwide/mip/debt-collection-firm-496284263?lid=1001328710934,https://dlrcollectionagency.com/,1,0.17708333333333331,0.4979166666666667
Cullen Heather Law Office Of,5.0,"In an extremely difficult time, Heather and her staff were supportive, kept me informed on what to expect and what was next, and provided me assurance that I would be able toâ€¦",https://www.yellowpages.com/riverside-ca/mip/cullen-heather-law-office-of-11716754?lid=1000088535235,https://www.cullenmurphynaples.com,1,0.125,0.65625
Dean Law Firm,1.0,"Horrible. Does not know landlord tenant law. Do not hire. Posts notices with duct tape...no letterhead. Bullies women and children""",https://www.yellowpages.com/redding-ca/mip/dean-law-firm-13040861?lid=1000088612572,http://reddingrealestateattorney.com,1,-1.0,1.0
Karen Munger Insurance Services,5.0,I was new to Medicare and knew I needed a supplemental insurance but had no idea what to do. Then I found Karen Munger and ALL of my questions were answered!!  Karen is aâ€¦,https://www.yellowpages.com/visalia-ca/mip/karen-munger-insurance-services-13893309?lid=1001978402648,http://www.karenmungerins.com,1,0.2130681818181818,0.45454545454545453
Law Offices Of Leon J Frommer,5.0,"Thank you so much for your help Atty. Leon J  Frommer and Mr. Art Cardenas. ALL MY DREAMS COME TRUE!!! With your amazing teamwork, I am now a greencard holder with a stable jobâ€¦",https://www.yellowpages.com/valencia-ca/mip/law-offices-of-leon-j-frommer-1784660?lid=1002004375908,http://www.frommerlaw.com,1,0.49453125000000003,0.5833333333333334
Eason and Tambornini A Law Corporation,5.0,"Matthew was really helpful and honest in my situation,  attorney you can trust, I would really  recommend him.""",https://www.yellowpages.com/sacramento-ca/mip/eason-and-tambornini-a-law-corporation-18586153?lid=1001854241764,http://www.capcitylaw.com/,1,0.3333333333333333,0.43333333333333335
Mustang Firearms and Sporting Goods,5.0,"Al and Brian are great guys, a good place to buy guns, talk guns, old war stories, etc.They go out of their way to HELP........""",https://www.yellowpages.com/grass-valley-ca/mip/mustang-firearms-and-sporting-goods-19881334?lid=1001724476535,http://www.mustangfirearms.com,1,0.5333333333333333,0.5166666666666667
Avila Martha,5.0,"Ms. Avila, is a no-nonsense professional attorney.  The results of my divorce case was far better than I expected, and I would highly recommend her services for any family lawâ€¦",https://www.yellowpages.com/pasadena-ca/mip/avila-martha-23058147?lid=1000295245630,http://www.avilafamilylaw.net,1,0.152,0.508
A American National Notary,5.0,"Armando does an amazing job! He is super knowledgeable and went above and beyond to help us with our momâ€™s Will, Lease and Power of Attorney. With a room full of family membersâ€¦",https://www.yellowpages.com/bakersfield-ca/mip/a-american-national-notary-3220535?lid=1001978417151,http://www.bakersfieldnotaryservice.com,1,0.3583333333333334,0.5541666666666667
Low McKinley Baleria & Salenko LLP,5.0,"Low, McKinley, Baleria & Salenko are a top notch Sacramento law firm specializing in medical malpractice cases. Steven McKinley is professional, diligent, articulate, hardâ€¦",https://www.yellowpages.com/sacramento-ca/mip/low-mckinley-baleria-salenko-llp-358862?lid=1002073224032,http://www.lmblaw.net/,1,0.08,0.26000000000000006
Law Office of Pamela Kleinkauf,5.0,I have had many conversations with Pamela regarding area of her practice and have found her to be very knowledgable with a great record of cases served. Pamela's follow throughâ€¦,https://www.yellowpages.com/san-diego-ca/mip/law-office-of-pamela-kleinkauf-461603092?lid=1000088618193,http://pamelakleinkauf.com,1,0.5,0.5166666666666667
Law Offices Of Timothy Kleier,5.0,"Tim Kleier is a rare find-a forthright attorney. If he cannot help you, he will refer you to someone who can. I am so glad I paid him to look over some legal documents, andâ€¦",https://www.yellowpages.com/bakersfield-ca/mip/law-offices-of-timothy-kleier-461697124?lid=1001459148689,,0,0.3333333333333333,0.7000000000000001
Hooy & Hooy PLC,3.0,"Bob did an excellent Job taking care of a legal problem for us. He is somone that I would highly recommend. He is honest and knows the law.""",https://www.yellowpages.com/concord-ca/mip/hooy-hooy-plc-461706239?lid=400332257,http://www.hooy.com,1,0.49,0.6599999999999999
Law Offices of David M. Boertje,5.0,"I highly recommend Mr. Boertje to anyone needing a good criminal attorney in the San Diego area.  He helped me on my case and got all my criminal charges dropped.""",https://www.yellowpages.com/san-diego-ca/mip/law-offices-of-david-m-boertje-461725348?lid=1000604479148,http://www.boertjelaw.com,1,0.014999999999999986,0.56
Walkup Melodia Kelly-Schnbrgr,5.0,"If you ask any other attorney in Northern California, they will ALL agree that this law firm is the best in every regard.""",https://www.yellowpages.com/san-francisco-ca/mip/walkup-melodia-kelly-schnbrgr-461725589?lid=1002008155991,http://www.walkuplawoffice.com,1,0.225,0.35833333333333334
Law Offices of William D. Daley,5.0,Attorney Daly is a well known South Bay Lawyer with a proven track record for over 30 years.   His firm specializes in Family Law and Criminal Law representation.  ----- Coachâ€¦,https://www.yellowpages.com/chula-vista-ca/mip/law-offices-of-william-d-daley-465434760?lid=1002025390031,http://www.wddaleylaw.com,1,-0.30000000000000004,0.47500000000000003
Cleveland & Metz Law Offices,5.0,I just settled my case with Charles Cleveland and I'm very happy with the results. It took two years but I got money for my disability and a voucher to go to school. Mr.â€¦,https://www.yellowpages.com/rancho-cucamonga-ca/mip/cleveland-metz-law-offices-465936009?lid=1002070103965,http://www.clevelandmetzlaw.com,1,1.0,1.0
Kirsher Winston & Boston A Law Corporation,1.0,"Shysters who like to run up bills with unnecessary litigation.  Also poorly informed, and don't know the law as well as others.  Shop around!""",https://www.yellowpages.com/mount-shasta-ca/mip/kirsher-winston-boston-a-law-corporation-4690825?lid=1001755703112,http://www.kwb-law.net,1,-0.45,0.75
Law Office of Alexandra McIntosh,4.5,An A+ in the family law field and someone I am thankful for this Thanksgiving.  I met Alexandra in 2016 after having worked with 2 different attorneys who couldnâ€™t dealâ€¦,https://www.yellowpages.com/carlsbad-ca/mip/law-office-of-alexandra-mcintosh-469260058?lid=1002050416977,https://www.alexandramcintoshlaw.com,1,0.0,0.6
Fairfield Safe & Lock Co.,5.0,"outstanding locksmith and key service.  We've never been disappointed. Professionalism and pricing are beyond what we expected.""",https://www.yellowpages.com/fairfield-ca/mip/fairfield-safe-lock-co-474115408?lid=1002004614151,http://www.fairfieldsafeandlock.com,1,-0.0875,0.75625
Morse Morse And Morse A Law Corp,2.5,Future reference I will hire you immediately. I do need to have one on hand in the manner of privacy broken laws and harassment. I have heard great things and great work aboutâ€¦,https://www.yellowpages.com/merced-ca/mip/morse-morse-and-morse-a-law-corp-478476873?lid=1001974398218,http://www.morsemorseandmorselaw.com,1,0.30000000000000004,0.50625
Granucci James M Attorney At Law,4.0,"Fraudulent Criminal! Takes advantage of elderly people that are not of sound mind.Manufactures and falsifys documents to gain control over a estates""",https://www.yellowpages.com/nationwide/mip/granucci-james-m-attorney-at-law-483891109?lid=1002073509613,,0,-0.04999999999999999,0.47500000000000003
The Turoci Firm,5.0,Todd is so nice.  He took the time to help me for free.  I did not need his services and he was very good at explaining why.  If I ever do need an attorney he is the one I willâ€¦,https://www.yellowpages.com/riverside-ca/mip/the-turoci-firm-503125551?lid=1001722485428,http://theturocifirm.com,1,0.6366666666666666,0.86
Chain Cohn Clark,5.0,"The lawyers and staff here are kind, smart and really seem to care about their cases. They communicated important information on my case always, and also got me a great result.â€¦",https://www.yellowpages.com/bakersfield-ca/mip/chain-cohn-clark-517438324?lid=1002166451326,http://www.chainlaw.com,1,0.4428571428571429,0.6985714285714286
Hernandez Law Offices,3.5,The office was professional and friendly. I was well informed and they answered any questions I had whenever I called.  I would recommend anyone in need of assistance to go toâ€¦,https://www.yellowpages.com/fresno-ca/mip/hernandez-law-offices-541098354?lid=185803020,http://www.hernandezlawfresno.com,1,0.2375,0.3
Frank Penney Injury Lawyers,5.0,"Appreciate all your help, thank you.""",https://www.yellowpages.com/roseville-ca/mip/frank-penney-injury-lawyers-541635998?lid=1002165297383,https://www.penneylaw.com,1,0.0,0.0
Horizon Family Law,5.0,"Wanda is very professional and knowledgeable in her field. She provides a great service to those who are in need. In my opinion she is the closest to come to an Attorney.""",https://www.yellowpages.com/clovis-ca/mip/horizon-family-law-545648465?lid=1000116692687,https://www.lawandorder.biz/company-horizon-family-law-svc-in-clovis-ca-2932,1,0.465,0.44
Law Office Of Michael Carlovsky,1.0,"Continuances for almost 2 years until I was out of money, when it's FINALLY time to ge before the judge he reneges on our payment agreement - demanding more - despite myâ€¦",https://www.yellowpages.com/nationwide/mip/law-office-of-michael-carlovsky-5576293?lid=1001459152858,http://members.calbar.ca.gov,1,0.25,0.75
Law Offices Of Clifford Chigbu,5.0,Mr. Chigbu has been great to work with.  He took on an immigration case for us and we've been happy and beyond grateful with his services.  he works quickly and effectively. â€¦,https://www.yellowpages.com/elk-grove-ca/mip/law-offices-of-clifford-chigbu-9700963?lid=1001332986729,http://www.lawofficescliffordchigbu.com,1,0.6333333333333333,0.7625
Goldberg Gary G Attorney At Law,4.0,"Gary is the best.He handled my wife's injury case very professional and effective. He is honest and fair and generates excellent results.Plus he is great person!""",https://www.yellowpages.com/riverside-ca/mip/goldberg-gary-g-attorney-at-law-10589532?lid=1000489802718,http://www.calinjuryattorney.com,1,0.6716666666666667,0.7466666666666667
Anderson & Johnson LLP,5.0,"Tom Johnson is the best attorney to have on your side. He contacted me back quickly whenever I had concern about my case. He's Honest, caring and  genuine""",https://www.yellowpages.com/sacramento-ca/mip/anderson-johnson-llp-10721381?lid=1000437166030,http://www.forinjuryadvice.com,1,0.4666666666666666,0.44000000000000006
"Neufeld, Howard",5.0,I've asked for help with a wide variety of issues I've had to deal with. Very highly recommended for getting the job done if the need arises. The quality of service in findingâ€¦,https://www.yellowpages.com/dana-point-ca/mip/neufeld-howard-10829895?lid=1001446733080,,0,0.054000000000000006,0.5509999999999999
Landis Christopher A Attorney At Law,5.0,Myself and husband had the privilege of having Mr. Landis work a personal injury case for us. He is exceptionally knowledgeable and and absolute pleasure to work with.â€¦,https://www.yellowpages.com/santa-cruz-ca/mip/landis-christopher-a-attorney-at-law-11000263?lid=1000437163605,http://www.landislawfirm.com,1,0.2888888888888889,0.7333333333333334
Law Office Of Richard T Dudek,3.0,When I was wrongfully arrested for DUI in wine country I spoke to several lawyers in the area and they all seemed to be in cahoots. I decided to get a lawyer from the valley toâ€¦,https://www.yellowpages.com/sacramento-ca/mip/law-office-of-richard-t-dudek-11621285?lid=1000553681504,http://www.sacramentocrimes.com,1,0.0,0.0
Hopkins Joe Law Offices Of,3.0,"Regarding the negative review of  William P, I do not know this man and never represented him as he's stated here. Furthermore, he has slandered me by stating accusationsâ€¦",https://www.yellowpages.com/pasadena-ca/mip/hopkins-joe-law-offices-of-12185118?lid=1000545396750,http://www.pasadenajournal.com,1,-0.3,0.4
Zilversmit Marc J,5.0,Mr. Zilversmit is a great attorney for criminal appeals. He got my conviction overturned on appeal and afterwards he got the case dismissed. He is very knowledgeable andâ€¦,https://www.yellowpages.com/san-francisco-ca/mip/zilversmit-marc-j-12396161?lid=1000088480856,,0,0.20000000000000004,0.5333333333333333
Law Offices of Kirk J Grossman,5.0,"Mr. Grossman was professional, discrete, and timely. I was able to win my case and am very happy with the outcome.  I would highly recommend the Law Offices of Kirk J. Grossmanâ€¦",https://www.yellowpages.com/ventura-ca/mip/law-offices-of-kirk-j-grossman-13197373?lid=1000613059430,,0,0.512,0.533
Affordable Attorney,5.0,Mr Karjola is awesome. He is old school and takes him time and listens. I appreciate your kind help and like the other review said. You were easy on my wallet too although Iâ€¦,https://www.yellowpages.com/eureka-ca/mip/affordable-attorney-1350638?lid=1000621584587,,0,0.4016666666666667,0.6616666666666667
The Law Offices of Casey LeClair,5.0,I would definitely recommend Attorney LeClair to my friends and family..They are very professional and really care about the injured parties. They keep me updated on everythingâ€¦,https://www.yellowpages.com/sacramento-ca/mip/the-law-offices-of-casey-leclair-14718982?lid=1000437169792,,0,0.11,0.27666666666666667
Law Office of Pardeep S. Grewal,5.0,"I want thanks to The Law Office of Pardeep S Grewal. He helped my relative who lives in Castro valley. I appreciate your efforts and dedication.""",https://www.yellowpages.com/castro-valley-ca/mip/law-office-of-pardeep-s-grewal-1671464?lid=1001071472080,http://www.pardeeplaw.com,1,0.1,0.1
Fluetsch & Fluetsch,5.0,I found myself in a really terrible situation where unfortunately I was in need of an attorney . I am also a disabled person so especially needed assistance asap. I wouldâ€¦,https://www.yellowpages.com/lodi-ca/mip/fluetsch-fluetsch-16746065?lid=1002004434466,http://www.fluetschlaw.com,1,-0.425,0.825
Cohen Sharon RN Attorney At Law,5.0,Sharon and her entire staff have stuck with me through the never ending paper work and doctor visits that the government demands. I never could understand why a person who hasâ€¦,https://www.yellowpages.com/chico-ca/mip/cohen-sharon-rn-attorney-at-law-16813776?lid=1001614064871,,0,0.0,0.625
Allen Law Firm,5.0,"David W. Allen and his staff are extremely helpful and honest! I would definitely recommend him to my family, friends, or anyone who needs expert legal help.""",https://www.yellowpages.com/visalia-ca/mip/allen-law-firm-16836287?lid=1000658576783,,0,0.20625,0.65
Law Offices of Axel B. Gomez,5.0,"Helped me with bankruptcy and I didn't had to trial every time. He took care of it.""",https://www.yellowpages.com/turlock-ca/mip/law-offices-of-axel-b-gomez-16903622?lid=1000437163627,http://www.axelgomez.com,1,0.0,0.0
The Law Offices Of Dr. Peter M. Schaeffer,5.0,"Peter Schaeffer to save the day! I definitely recommend calling the Law Office of Dr Peter M Schaeffer""",https://www.yellowpages.com/riverside-ca/mip/the-law-offices-of-dr-peter-m-schaeffer-17102298?lid=1000116637548,http://lawofficeofpeterschaeffer.com,1,0.0,0.5
Lowenstein Disability Lawyers,5.0,Mr. Lowenstein is one of the best attorneys I have ever dealt with.  His office is low-key and professional.  They really know how to get the job done.  He is honest.  Hisâ€¦,https://www.yellowpages.com/sherman-oaks-ca/mip/lowenstein-disability-lawyers-17875855?lid=1000088493797,http://www.lowensteindisability.com,1,0.475,0.375
The Edgecumbe Law Firm,5.0,"If there were 6 stars available I would have given that many.  Mr. Edgecumbe is an excellent Attorney.  Not only does he have an extraordinary comprehension of the law, but heâ€¦",https://www.yellowpages.com/torrance-ca/mip/the-edgecumbe-law-firm-18017117?lid=1000439482157,http://www.edgecumbelaw.com,1,0.44666666666666666,0.78
Jones Eric L Law Offices,5.0,"My case has not been done yet, but I like this lawyer very much. He is really interested to help you, not to rip you off as many other do.""",https://www.yellowpages.com/los-angeles-ca/mip/jones-eric-l-law-offices-18214212?lid=1000439534176,,0,0.20833333333333334,0.4583333333333333
Rod Haron,5.0,"Mr. Haron is very knowledgeable, very sensitive and cares about his clients. He got me the settlement I did not expect at all! I did not realize my case was worth so much. Mr.â€¦",https://www.yellowpages.com/fresno-ca/mip/rod-haron-18539310?lid=1001957219983,http://rodharonlaw.com,1,0.215625,0.4
AAA Disability Help,5.0,"Very helpful. I broke down on the side of the freeway and they got me and my car to a safe place....""",https://www.yellowpages.com/nationwide/mip/aaa-disability-help-18966089?lid=1000115489485,,0,0.18148148148148147,0.362962962962963
Collins Law Office,1.0,Read this article in 1993 regarding his overbilling charges:http://www.nytimes.com/1993/11/12/technology/bar-court-asks-lawyer-if-computer-doing-most-work-why-big-fee.html-Heâ€¦,https://www.yellowpages.com/burlingame-ca/mip/collins-law-office-19187319?lid=1000437167514,,0,0.0,0.0
Law Office Of Stanley A Zamel,5.0,"Outstanding, highly professional, competent -- and saved me plenty of $$$ with just some friendly advice!!!!!""",https://www.yellowpages.com/nationwide/mip/law-office-of-stanley-a-zamel-21959508?lid=1001571492044,,0,0.525,0.5354166666666667
Hamlyn & Guerrero Attorney's At Law,5.0,"They are very good and professional people. I would recommend it to everyone who needs help. I'm so happy!""",https://www.yellowpages.com/santa-cruz-ca/mip/hamlyn-guerrero-attorneys-at-law-21960492?lid=1001484096801,,0,0.6699999999999999,0.6266666666666667
"Newhouse, David E & Associates",5.0,this is to inform you that your business name of american law associates is being abused by the following:michael fuller representing himself from this business and also kevinâ€¦,https://www.yellowpages.com/san-mateo-ca/mip/newhouse-david-e-associates-21971990?lid=1001509384596,http://www.attycubed.com,1,0.0,0.0
Law Offices of Savin & Bursk,5.0,Arnold Gross assisted me with a recent auto accident case.  His professional guidance and direction helped to make this very stressful ordeal palatable.  He explained to me theâ€¦,https://www.yellowpages.com/granada-hills-ca/mip/law-offices-of-savin-bursk-21991585?lid=1001071657161,http://www.savinbursklaw.com,1,0.07500000000000001,0.16249999999999998
Samuel and Samuel Attorneys At Law,5.0,"If you need an attorney go see Peter Samuel! Great guy! He's helped me out a few times over the past 20 years.""",https://www.yellowpages.com/fair-oaks-ca/mip/samuel-and-samuel-attorneys-at-law-21991960?lid=1001784038532,,0,0.18333333333333335,0.3666666666666667
Larry T Ring - Law Office Of Larry T Ring,5.0,Larry Ring is an excellent advocate. He is detailed and thorough.  Mr Ring brings several professional perspectives to the table giving his clients a full understanding of hisâ€¦,https://www.yellowpages.com/auburn-ca/mip/larry-t-ring-law-office-of-larry-t-ring-21993302?lid=1001509389349,http://www.lringlaw.com,1,0.37,0.4800000000000001
Law Offices Of Ronald Stein,5.0,"Excellent Service, above and beyond expectations.Legal Team is the best, very reasonable price and always return your calls, very nice!!""",https://www.yellowpages.com/stockton-ca/mip/law-offices-of-ronald-stein-21997519?lid=1001588610065,http://ronsteinlaw.com,1,0.6519999999999999,0.636
Law Office Of Andrew Wolff PC,5.0,"I am a foreign person here for an exchange for two years. Mr. Wolff helped me with my injury case. He is very professional and kind to me. I was very happy with the results.""",https://www.yellowpages.com/oakland-ca/mip/law-office-of-andrew-wolff-pc-21997862?lid=1000437172386,http://www.awolfflaw.com,1,0.40125,0.5387500000000001
Walnut Creek Family Law Center Inc,5.0,"Aggressive attorneys who are not afraid to fight for their clients.  They specialize in family law including divorce, custody, support and visitation.  While in the office,â€¦",https://www.yellowpages.com/walnut-creek-ca/mip/walnut-creek-family-law-center-inc-22125339?lid=1000439498081,http://wcfamilylaw.com,1,0.3,0.9
Law Offices of Thomas F. Byrne,5.0,"I highly recommend Tom. He supported our family through a very difficult and emotional family civil lawsuit.  He showed a lot of compassion, understanding, and empathy. â€¦",https://www.yellowpages.com/santa-rosa-ca/mip/law-offices-of-thomas-f-byrne-22369569?lid=1000088571881,,0,-0.16333333333333333,0.73
Torres David A. Attorney At Law,3.5,"My dad was involved in a accident on his bicycle a gentleman hit him and knocked him off it, Mr Rivera took my father's case and he won a settlement for my dad, Thank you Mrâ€¦",https://www.yellowpages.com/bakersfield-ca/mip/torres-david-a-attorney-at-law-2661262?lid=1001409255552,http://www.lawtorres.com,1,0.0,0.0
Tenenbaum Law Firm,5.0,All I can say is I'm happy with the results of my attorney Mr Tenenbaum for clearing off my case. While I'm in Florida. I can see now why him and his teams is truly 5 starsâ€¦,https://www.yellowpages.com/merced-ca/mip/tenenbaum-law-firm-280161?lid=1001978781385,http://www.tenenbaumlawfirm.com,1,0.8,1.0
Naderi Law Office,5.0,"Reviews taken from avvo.com:Falsely Accused of Child MolestationPosted by Gene Mr. Naderi, Thanks again for believing in me and guiding us through such a horrific time. It wasâ€¦",https://www.yellowpages.com/nationwide/mip/naderi-law-office-30359524?lid=1001433814608,http://www.818crime.com,1,-0.26666666666666666,0.5666666666666667
Fraser Elaine Ryzak,3.0,The previous review I believe was written by my disgruntled ex-wife who was not even a client of Ms. Fraser.  She has been a profressional for me through a difficult time andâ€¦,https://www.yellowpages.com/burlingame-ca/mip/fraser-elaine-ryzak-3411709?lid=1000636434128,http://www.harrisandfraser.com,1,-0.3333333333333333,0.5833333333333334
Law Offices of Marlin Branstetter,3.5,The staff at the office is what makes that firm great. everyone is always doing their best to help you through whatever problem you are dealing with. I was being sued by aâ€¦,https://www.yellowpages.com/anaheim-ca/mip/law-offices-of-marlin-branstetter-3508961?lid=1000350804663,http://bancarrotaeconomicaconabogado.com,1,0.5333333333333333,0.48333333333333334
Cominos Theodore H The Law Offices Of,5.0,I am very grateful for Ted Cominos and his entire staff.  When I am meeting with Ted I know I have his full attention. It's like I am the only one in the room.  Ted is aâ€¦,https://www.yellowpages.com/salinas-ca/mip/cominos-theodore-h-the-law-offices-of-4081570?lid=1001329790459,,0,0.1375,0.61875
Pastor Mark D Attorney At Law,5.0,Better than the tax attorney actually in lancaster. My wife was really happy here. Attorney in lancaster didn't disclose client negligence and was a rude man. we drove out toâ€¦,https://www.yellowpages.com/encino-ca/mip/pastor-mark-d-attorney-at-law-4090779?lid=1000435841579,http://www.lataxlaw.com,1,0.25,0.55
Law Offices of Michael C. Murphy,5.0,"The law firm provides its clients excellent legal services and is highly experienced in  the practice of law.""",https://www.yellowpages.com/westlake-village-ca/mip/law-offices-of-michael-c-murphy-4168942?lid=1001411711048,http://murphlaw.net,1,0.45,0.625
Matthew Spaulding Atty At Law,5.0,Mr. Spaulding helped my daughter-in-law tremendously after she was at a seeming impasse.  He adroitly navigated the USCIS waters and my daughter had her green card in the sameâ€¦,https://www.yellowpages.com/culver-city-ca/mip/matthew-spaulding-atty-at-law-4207944?lid=1000658577391,,0,0.06666666666666665,0.65
James A Zito Attorney At Law,5.0,When I needed an understanding Attorney with compassion and experience Mr Zito and his staff came through for me with flying colors. When you need help from personal injuriesâ€¦,https://www.yellowpages.com/eureka-ca/mip/james-a-zito-attorney-at-law-4297171?lid=1001616733518,,0,0.0,0.3
Law Offices of Alfredo Morales,5.0,"BEST CRIMINAL DEFENSE ATTORNEY EVER!!!! WE LOVE YOU MR. MORALES!!""",https://www.yellowpages.com/san-jose-ca/mip/law-offices-of-alfredo-morales-4438489?lid=1001757239234,http://www.alfredomoraleslaw.com,1,0.2682291666666667,0.4833333333333334
Law Offices of Geoffrey Nwosu,5.0,"Attorney Nwosu is a very compasionate attorney. We are glad to have him on our side.JSan Jose, CA""",https://www.yellowpages.com/san-jose-ca/mip/law-offices-of-geoffrey-nwosu-450952439?lid=1001450637129,,0,0.35,0.65
Commercial Process Servicing Inc.,5.0,"These guys are GREAT!!!Not only were they able to serve my documents, they did so same day, after another company couldn't serve after several weeks attempting!I would highlyâ€¦",https://www.yellowpages.com/ventura-ca/mip/commercial-process-servicing-inc-452124371?lid=1000783310439,http://www.comproserve.net,1,0.125,0.4375
A Affordable Paralegals,3.0,"Professional service providing quality legal documents with competitive pricing.  I am recommending  this company to my family and friends.""",https://www.yellowpages.com/santa-rosa-ca/mip/a-affordable-paralegals-452319559?lid=1000437162420,http://www.aaffordableparalegals.com,1,0.15000000000000002,0.15000000000000002
Farnell & Norman-Trial Lawyers Personal Injury And Employment Law,5.0,"Mr Norman at Farnell and Norman did an excellent job on my difficult and complicated employment case.He never gave up and got me a great result.""",https://www.yellowpages.com/irvine-ca/mip/farnell-norman-trial-lawyers-personal-injury-and-employment-law-453649265?lid=1000466443566,,0,0.2,0.9375
"The Nourmand Law Firm, APC",5.0,"Mr. Nourmand represented me against my former employer for pregnancy discrimination. He was sincere, knew the law, and aggressive. I was lucky to have found him and highlyâ€¦",https://www.yellowpages.com/beverly-hills-ca/mip/the-nourmand-law-firm-apc-453731948?lid=1001917676336,http://www.nourmandlawfirm.com,1,0.27777777777777773,0.4444444444444445
Cole Fisher Cole & O'Keefe,5.0,"Anyone who has had to deal with w/c knows it's a special hell unto its own. It's bad enough dealing with the injury, when you add the politics and silly games they play it canâ€¦",https://www.yellowpages.com/fresno-ca/mip/cole-fisher-cole-okeefe-455093140?lid=1000439568842,http://www.fresnoworkinjurylawyer.com,1,-0.04857142857142856,0.7226190476190476
Wise Law Group,5.0,"The best defense attorney in Sacramento. I've never received such a professional and friendly experience in a serious time of need. Mike Wise is great at what he does.""",https://www.yellowpages.com/sacramento-ca/mip/wise-law-group-455313447?lid=1000552185963,http://www.wisechoicelaw.com,1,0.3773809523809524,0.530952380952381
Nelson Mark S Law Offices Of,5.0,"THE BEST Hands Down.....Tom Too.......................""",https://www.yellowpages.com/modesto-ca/mip/nelson-mark-s-law-offices-of-455745714?lid=1001241811034,http://marknelsonlawoffices.com,1,1.0,0.3
Clayson Mann Yaeger & Hansen A Professional Law Corporation,5.0,"Arend represented my grandmother many years ago, best attorney ever. Was lucky to have him, he knew what he was doing and was a great and smart man, you could not lose withâ€¦",https://www.yellowpages.com/corona-ca/mip/clayson-mann-yaeger-hansen-a-professional-law-corporation-455973761?lid=1000997510650,http://www.claysonlaw.com,1,0.5695238095238095,0.6052380952380952
A Law Office - Ron Kamran Immigration Attorney,5.0,We received an excellent service from Attorney Ron A. Kamran. He has been very friendly and professional in handling our case. He always provided timely and helpful informationâ€¦,https://www.yellowpages.com/long-beach-ca/mip/a-law-office-ron-kamran-immigration-attorney-456810349?lid=1001571734999,http://www.ronkamran.com,1,0.5291666666666667,0.5833333333333334
Devin Sawdayi-Attorney,5.0,Devin Law group is very helpful and information was best for me. If I've any questions for Devin he's there and if not at that moment he will call a soon has he is available. Iâ€¦,https://www.yellowpages.com/nationwide/mip/devin-sawdayi-attorney-4574394?lid=1000437166052,https://www.thebankruptcyandforeclosure.com,1,0.5333333333333333,0.3333333333333333
Mietzel & Mietzel,5.0,"Back in the early 90s I was having some heartbreaking problems with the custody of my young daughter. I hired an attorney, but she mismanaged the matter horribly, and I wasâ€¦",https://www.yellowpages.com/el-cajon-ca/mip/mietzel-mietzel-458145759?lid=1000660373989,,0,-0.2,0.425
"French, Pete",5.0,Over the years Pete French has provided Excellent Legal Council in representing my family and I.  I feel fortunate to have the security and confidence in his professionalâ€¦,https://www.yellowpages.com/hayward-ca/mip/french-pete-458642027?lid=1001853286747,,0,0.4,0.475
Vera Leigh Marcus Inc,5.0,"I received professional services at a reasonable price.  When the going got tough, Ms. Marcus stuck with my case until the end.  She listened to my needs and got my judgmentâ€¦",https://www.yellowpages.com/benicia-ca/mip/vera-leigh-marcus-inc-459220386?lid=1001637538717,http://www.vlmdivorce.com,1,-0.029629629629629617,0.5111111111111111
Attorney Edward Wong,5.0,"Mr. Wong, is a very experienced CPA and Attorney!! Highly recommended! Reliable, fast, efficient, knowledgeable!  Check in with him and you'll have the answers plus moreâ€¦",https://www.yellowpages.com/san-diego-ca/mip/attorney-edward-wong-459267127?lid=1000437161270,,0,0.48333333333333334,0.7133333333333334
Law Offices Of Allen A Sarkisian,5.0,"Awesome Attorney!!!!!, I would definitley go back to him .""",https://www.yellowpages.com/glendale-ca/mip/law-offices-of-allen-a-sarkisian-460673053?lid=1000538961132,http://www.sarkisianlawfirm.com,1,0.5,0.5
The Law Offices of Gerald L. Marcus,5.0,"I had never been involved in an accident before, and unfortunately I was involved in a very bad one. I knew I'd need help when I had an insurance person show up at my house toâ€¦",https://www.yellowpages.com/pasadena-ca/mip/the-law-offices-of-gerald-l-marcus-461696434?lid=1001976614131,http://www.geraldmarcuslaw.com/Pasadena.aspx,1,-0.7049999999999998,0.9333333333333333
